is_detected,max_distance
False,-1.0
False,-1.0
False,-1.0
False,-1.0
True,37.515805802354826
True,31.54717052288525
False,-1.0
True,40.50393000685242
