is_detected,max_distance
False,-1.0
True,30.51007971146585
True,32.45505570785544
False,-1.0
False,-1.0
False,-1.0
False,-1.0
False,-1.0
True,50.07351568444141
True,50.14073269309095
