per_confi,pred_confi,reward
0.8,0.7,-1
0.8,0.7,-1
0.8,0.7,-1
0.8,0.7,-1
0.8,0.7,-1
0.850256621837616,0.7,-1
0.850256621837616,0.7,-1
0.8,0.7,0.567374
0.8,0.7,0.796233
