is_detected,max_distance
False,-1.0
False,-1.0
True,17.9638871071937
False,-1.0
False,-1.0
True,4.55247108722285
True,69.07761693197008
