per_confi,pred_confi,reward
0.8,0.7,-1
0.8,0.7,-1
0.8,0.7,-1
0.6278460025787354,0.7,-1
0.8,0.7,0.26162
0.8,0.7,0.669628
0.8,0.7,-1
0.8,0.7,-1
0.8,0.7,0.649338
0.8,0.7,0.761776
0.8,0.7,-1
0.8,0.7,-1
0.9473610520362854,0.7,-1
0.7877683639526367,0.7,-1
0.8,0.7,-1
