per_confi,pred_confi,reward
0.8,0.7,1.0
0.8,0.7,1.0
0.9915982484817505,0.7,1.0
0.5264767408370972,0.7,1.0
