Episode,State,Action,Collision_Probability,Collision_uid,Collision_Probability_Per_Step,Done
0,"[-33.24766159  -1.57925224 -13.69849396   0.           0.
   0.          12.          -1.           1.29668736 105.02427673
 359.14099121   7.78774808   7.30245532   1.30782925]",15,0.913,No collision,"[0, 0.505497, 0, 0.91317, 0.849038, 0.819119, 0.80938, 0.805608, 0.798913, 0.783325, 0.781982, 0.774379]",False
