Episode,State,Action,Collision_Probability,Collision_uid,Collision_Probability_Per_Step,Done
0,"[-4.03016968e+01 -1.39657485e+00 -1.18002176e+01  0.00000000e+00
  0.00000000e+00  0.00000000e+00  1.20000000e+01 -1.00000000e+00
  1.47784507e+00  1.05001984e+02  3.59153900e+02  5.01333513e-05
  6.97612709e+00  1.30794390e+00]",68,0.173,No collision,"[0.173396, 0, 0, 0, 0, 0, 0, 0, 0, 0, 0, 0]",False
0,"[-4.03016968e+01 -1.39657474e+00 -1.18002176e+01  0.00000000e+00
  0.00000000e+00  0.00000000e+00  1.20000000e+01 -1.00000000e+00
  1.47784781e+00  1.05001984e+02  3.59153900e+02  4.97673643e-05
  6.97616659e+00  1.30794389e+00]",98,0.0,No collision,"[0, 0, 0, 0, 0, 0, 0, 0, 0, 0, 0, 0]",False
0,"[-3.94347191e+01 -1.41948915e+00 -1.20366039e+01  0.00000000e+00
  0.00000000e+00  0.00000000e+00  1.20000000e+01 -1.00000000e+00
  1.43194342e+00  1.05062569e+02  3.59109650e+02  4.94940123e-05
  1.33944711e+00  1.31198875e+00]",16,0.0,No collision,"[0, 0, 0, 0, 0, 0, 0, 0, 0, 0, 0, 0]",False
