Episode,State,Action,Collision_Probability,Collision_uid,Collision_Probability_Per_Step,Done
0,"[-4.00882072e+01 -1.40226507e+00 -1.18587694e+01  0.00000000e+00
  0.00000000e+00  0.00000000e+00  1.20000000e+01 -1.00000000e+00
  1.52182400e+00  1.05023399e+02  3.59168060e+02  1.08142706e-03]",126,0.564,No collision,"[0, 0, 0, 0, 0, 0, 0, 0, 0, 0.56413, 0, 0]",False
0,"[-33.53303146  -1.57190895 -13.65349674   0.           0.
   0.          12.          -1.           1.55450189 105.33437347
 359.1055603    2.53399493]",11,0.765,No collision,"[0.277393, 0.764524, 0, 0, 0.02365, 0.02991, 0.015907, 0, 0, 0, 0.203659, 0]",False
0,"[-3.10509129e+01 -1.64273691e+00 -1.43431063e+01  0.00000000e+00
  0.00000000e+00  0.00000000e+00  1.20000000e+01 -1.00000000e+00
  1.64184451e+00  1.05463631e+02  3.59235077e+02  6.12637960e-05]",112,0.491,No collision,"[0, 0, 0, 0, 0, 0, 0, 0.12578, 0.146175, 0, 0.49106, 0]",False
0,"[-3.10509129e+01 -1.64273691e+00 -1.43431063e+01  0.00000000e+00
  0.00000000e+00  0.00000000e+00  1.20000000e+01  1.00000000e+00
  1.64184511e+00  1.05463631e+02  3.59235077e+02  6.12276523e-05]",72,0.182,No collision,"[0, 0, 0, 0.050211, 0.181699, 0.142529, 0, 0, 0, 0, 0, 0]",False
0,"[ -1.43010747  -2.03761816 -22.66800308   0.           0.
   0.          12.          -1.           1.25866306 105.97980499
   0.14116603   8.06355202]",112,0.127,No collision,"[0.127478, 0.109864, 0.083043, 0.121865, 0, 0, 0, 0, 0, 0, 0, 0]",False
0,"[ 59.12631989  -3.14825058 -34.82608795   0.           0.
   0.          12.           1.           0.91711617 102.20695496
   0.39932579   8.68557285]",35,0.0,No collision,"[0, 0, 0, 0, 0, 0, 0, 0, 0, 0, 0, 0]",False
0,"[116.14321899  -3.95300126 -49.94608688   0.           0.
   0.          12.          -1.           0.67390287  97.2150116
 358.76538086   7.68028529]",64,0.168,No collision,"[0, 0, 0, 0, 0, 0.058727, 0, 0, 0.167772, 0, 0, 0]",False
