Learning Step,Learning Rate,Loss
5325,2.192252455996361e-08,0.5728654265403748
5326,2.192252455996361e-08,0.5728674530982971
