Learning Step,Learning Rate,Loss
7700,1.2940774400232361e-10,1.709687352180481
7701,1.0352619520185891e-10,1.6009457111358643
