Learning Step,Learning Rate,Loss
7700,1.2940774400232361e-10,1.8044553995132446
7701,1.0352619520185891e-10,1.839349389076233
