Learning Step,Learning Rate,Loss
1308,0.0001649267441664001,1.1576266288757324
1309,0.0001649267441664001,1.1245568990707397
1310,0.0001649267441664001,1.265025019645691
