Learning Step,Learning Rate,Loss
4010,3.987683987354756e-07,1.9945846796035767
