Episode,State,Action,Collision_Probability,Collision_uid,Collision_Probability_Per_Step,Done
0,"[-34.02132416  -1.5583061  -13.49303627   0.           0.
   0.          12.          -1.           1.24728417 105.06425476
 359.14068604   7.12139452]",73,0.0,No collision,"[0, 0, 0, 0, 0, 0, 0, 0, 0, 0, 0, 0]",False
0,"[ 46.95967865  -2.99494457 -35.55797958   0.           0.
   0.          12.          -1.           0.88212925 102.29748535
 358.36932373  15.83908538]",13,0.0,No collision,"[0, 0, 0, 0, 0, 0, 0, 0, 0, 0, 0, 0]",False
