Episode,State,Action,Collision_Probability,Collision_uid,Collision_Probability_Per_Step,Done
0,"[-38.81235123  -1.43589532 -12.20507145   0.           0.
   0.          12.          -1.           1.36660123 105.1211853
 359.05947876   1.72176933]",134,0.0,No collision,"[0, 0, 0, 0, 0, 0, 0, 0, 0, 0, 0, 0]",False
0,"[-13.00607109  -1.92288136 -19.43470573   0.           0.
   0.          12.           1.           0.65412551 105.72382355
   0.27443281   6.59648145]",75,0.0,No collision,"[0, 0, 0, 0, 0, 0, 0, 0, 0, 0, 0]",False
0,"[ 16.2523613   -2.42815828 -27.80295181   0.           0.
   0.          12.          -1.           0.7764042  105.23222351
 359.63821411   8.18618353]",44,0.0,No collision,"[0, 0, 0, 0, 0, 0, 0, 0, 0, 0, 0, 0]",False
0,"[ 61.09103012  -3.18959999 -37.10567093   0.           0.
   0.          12.           1.           0.91099781 103.92951202
 359.61587524   7.83962828]",43,0.647,No collision,"[0, 0, 0.249125, 0.646924, 0.169456, 0.385615, 0, 0, 0, 0, 0, 0]",False
0,"[110.37309265  -3.89084268 -48.10554504   0.           0.
   0.          12.           1.           0.70567286 105.12494659
 359.91726685   8.82924994]",123,0.595,No collision,"[0, 0.19069, 0.595378, 0, 0, 0, 0, 0, 0, 0, 0.125174, 0.167169]",False
0,"[142.01219177  -4.24775887 -57.04587173   0.           0.
   0.          12.           1.           0.84210718 105.29897308
 359.93157959   3.13282498]",52,0.182,No collision,"[0.177039, 0.181996, 0, 0, 0, 0, 0, 0, 0, 0, 0, 0]",False
0,"[ 1.45913391e+02 -4.30490017e+00 -5.81009712e+01  0.00000000e+00
  0.00000000e+00  0.00000000e+00  1.20000000e+01 -1.00000000e+00
  8.21843505e-01  1.05092194e+02  3.59953064e+02  2.13302233e-05]",121,0.363,No collision,"[0, 0.149896, 0.301386, 0.348121, 0.36013, 0.362286, 0.36269, 0.362968, 0.362804, 0.362692, 0.362797, 0.362473]",False
