Episode,State,Action,Collision_Probability,Collision_uid,Collision_Probability_Per_Step,Done
0,"[-4.00398598e+01 -1.40356755e+00 -1.18712044e+01  0.00000000e+00
  0.00000000e+00  0.00000000e+00  1.20000000e+01 -1.00000000e+00
  1.46133769e+00  1.05028824e+02  3.59162506e+02  5.27102514e-05]",54,0.767,No collision,"[0.767236, 0, 0, 0, 0, 0, 0, 0, 0, 0, 0, 0]",False
0,"[-3.38401604e+01 -1.56369007e+00 -1.35714035e+01  0.00000000e+00
  0.00000000e+00  0.00000000e+00  1.20000000e+01 -1.00000000e+00
  1.52253461e+00  1.05343132e+02  3.59114532e+02  5.15357982e-05]",56,0.226,No collision,"[0, 0, 0.226244, 0.131338, 0.099362, 0, 0, 0, 0, 0, 0, 0]",False
0,"[-3.38401604e+01 -1.56368959e+00 -1.35714035e+01  0.00000000e+00
  0.00000000e+00  0.00000000e+00  1.20000000e+01 -1.00000000e+00
  1.52241826e+00  1.05343132e+02  3.59114563e+02  5.29429498e-05]",10,0.0,No collision,"[0, 0, 0, 0, 0, 0, 0, 0, 0, 0, 0, 0]",False
0,"[-3.38401604e+01 -1.56368959e+00 -1.35714035e+01  0.00000000e+00
  0.00000000e+00  0.00000000e+00  1.20000000e+01  1.00000000e+00
  1.52241838e+00  1.05343132e+02  3.59114563e+02  5.29898608e-05]",68,0.378,No collision,"[0, 0, 0, 0, 0.188302, 0, 0, 0, 0.014004, 0.111683, 0.312714, 0.378459]",False
0,"[ -4.62076426  -1.98412931 -21.73145676   0.           0.
   0.          12.          -1.           0.35347512 105.92545319
   0.15006366  13.58635065]",52,0.381,No collision,"[0.380865, 0.333993, 0.21141, 0.111687, 0, 0, 0, 0, 0, 0, 0, 0]",False
0,"[ 81.98924255  -3.52626038 -37.14466858   0.           0.
   0.          12.           1.           1.29169691  93.19552612
   1.03466034  13.83906429]",33,0.493,No collision,"[0, 0, 0, 0, 0, 0, 0.49292, 0.313041, 0, 0.271728, 0, 0]",False
0,"[ 9.77630234e+01 -3.73190975e+00 -3.79171104e+01  0.00000000e+00
  0.00000000e+00  0.00000000e+00  1.20000000e+01 -1.00000000e+00
  6.38791323e-01  9.07036133e+01  3.55819946e+02  4.45840688e-02]",82,0.431,No collision,"[0, 0, 0, 0, 0, 0, 0, 0, 0.311717, 0.024146, 0.259786, 0.431112]",False
