Episode,State,Action,Collision_Probability,Collision_uid,Collision_Probability_Per_Step,Done
0,"[-36.3741951   -1.49742985 -12.87152958   0.           0.
   0.          12.          -1.           1.19813752 105.23812866
 359.0539856    4.77520322]",53,0.0,No collision,"[0, 0, 0, 0, 0, 0, 0, 0, 0, 0, 0, 0]",False
0,"[ -9.36862278  -1.95214796 -20.52144814   0.           0.
   0.          12.           1.           0.53652251 106.19799042
   0.24785805   4.43612803]",70,0.0,No collision,"[0, 0, 0, 0, 0, 0, 0, 0, 0, 0, 0, 0]",False
0,"[-6.90128040e+00 -1.96506321e+00 -2.12393589e+01  0.00000000e+00
  0.00000000e+00  0.00000000e+00  1.20000000e+01  1.00000000e+00
  2.73793936e-01  1.06271049e+02  1.71305656e-01  1.48975904e-05]",93,0.0,No collision,"[0, 0, 0, 0, 0, 0, 0, 0, 0, 0, 0, 0]",False
0,"[-6.90023947e+00 -1.96506906e+00 -2.12392750e+01  0.00000000e+00
  0.00000000e+00  0.00000000e+00  1.20000000e+01 -1.00000000e+00
  2.73738563e-01  1.06272346e+02  1.71253234e-01  3.86989951e-04]",92,0.0,No collision,"[0, 0, 0, 0, 0, 0, 0, 0, 0, 0, 0, 0]",False
0,"[-6.88816452e+00 -1.96513176e+00 -2.12415657e+01  0.00000000e+00
  0.00000000e+00  0.00000000e+00  1.20000000e+01 -1.00000000e+00
  2.73137897e-01  1.06258125e+02  1.71243086e-01  1.51835033e-05]",0,0.0,No collision,"[0, 0, 0, 0, 0, 0, 0, 0, 0, 0, 0, 0]",False
0,"[-6.88816452e+00 -1.96513176e+00 -2.12415657e+01  0.00000000e+00
  0.00000000e+00  0.00000000e+00  2.00000000e+01 -1.00000000e+00
  2.73138076e-01  1.06258125e+02  1.71243250e-01  1.47796854e-05]",104,0.0,No collision,"[0, 0, 0, 0, 0, 0, 0, 0, 0, 0, 0, 0]",False
