Episode,State,Action,Collision_Probability,Collision_Probability_Per_Step,Done
0,"[-38.22521591  -1.45091689 -12.36305904   0.           0.
   0.          12.          -1.           1.31121135 105.10896301
 359.04806519   2.85337707]",33,0.0,"[0, 0, 0, 0, 0, 0, 0, 0, 0, 0, 0, 0]",False
