Episode,State,Action,Collision_Probability,Collision_Probability_Per_Step,Done
0,"[-38.22206116  -1.45080101 -12.36442089   0.           0.
   0.          12.          -1.           1.36075377 105.10897064
 359.05029297   1.73964895]",26,0.0,"[0, 0, 0, 0, 0, 0, 0, 0, 0, 0, 0, 0]",False
