Episode,State,Action,Collision_Probability,Collision_Probability_Per_Step,Done
0,"[-36.79050446  -1.48672271 -12.75494194   0.           0.
   0.          12.          -1.           1.35260248 105.18801117
 359.05453491   3.1656913 ]",10,0.0,"[0, 0, 0, 0, 0, 0, 0, 0, 0, 0, 0, 0]",False
