Episode,State,Action,Collision_Probability,Collision_Probability_Per_Step,Done
0,"[-36.53649139  -1.49304533 -12.82522297   0.           0.
   0.          12.          -1.           1.41425157 105.21468353
 359.05389404   2.4334061 ]",38,0.0,"[0, 0, 0, 0, 0, 0, 0, 0, 0, 0, 0, 0]",False
