{
    "28924a70-e478-400c-8517-2a8753fbff78": {
        "model": "47b529db-0593-4908-b3e7-4b24a32a0f70",
        "name:": "Ego0",
        "obj_color": "Vector(1, 1, 0)",
        "positionX": -54.857063293457,
        "positionY": -1.13969171047211,
        "positionZ": -6.71589851379395,
        "rotationX": 354.949096679688,
        "rotationY": 106.397727966309,
        "rotationZ": 0.234644934535027,
        "velocityX": -0.000273318961262703,
        "velocityY": -0.000384192913770676,
        "velocityZ": -0.000383309088647366,
        "angularVelocityX": -7.26068392395973e-05,
        "angularVelocityY": 0.000420709606260061,
        "angularVelocityZ": -0.000243501737713814
    },
    "d3217c3b-62b6-43c2-ae2a-69093063596e": {
        "model": "Bob",
        "name:": "Pedestrian0",
        "obj_color": "Vector(1, 1, 0)",
        "positionX": -26.5569725036621,
        "positionY": -1.80547118186951,
        "positionZ": -18.6978549957275,
        "rotationX": 358.391326904297,
        "rotationY": 306.903930664063,
        "rotationZ": -1.0676379247343e-07,
        "velocityX": 0,
        "velocityY": 0,
        "velocityZ": 0,
        "angularVelocityX": 0,
        "angularVelocityY": 0,
        "angularVelocityZ": 0
    },
    "6df2eeec-c34d-4440-bfe9-22de97a4c870": {
        "model": "Bob",
        "name:": "Pedestrian0",
        "obj_color": "Vector(1, 1, 0)",
        "positionX": -19.302827835083,
        "positionY": -1.84472107887268,
        "positionZ": -14.1824140548706,
        "rotationX": 359.350494384766,
        "rotationY": 307.849487304688,
        "rotationZ": 0,
        "velocityX": 0,
        "velocityY": 0,
        "velocityZ": 0,
        "angularVelocityX": 0,
        "angularVelocityY": 0,
        "angularVelocityZ": 0
    },
    "8bfdc493-ccf9-4140-a177-aa0878bf227d": {
        "model": "Bob",
        "name:": "Pedestrian0",
        "obj_color": "Vector(1, 1, 0)",
        "positionX": 29.8316612243652,
        "positionY": -2.14313077926636,
        "positionZ": -32.4953460693359,
        "rotationX": 0,
        "rotationY": 0,
        "rotationZ": 0,
        "velocityX": 0,
        "velocityY": 0,
        "velocityZ": 0,
        "angularVelocityX": 0,
        "angularVelocityY": 0,
        "angularVelocityZ": 0
    },
    "249610d0-83e9-46f4-82ce-ba2b419c2364": {
        "model": "Bob",
        "name:": "Pedestrian0",
        "obj_color": "Vector(1, 1, 0)",
        "positionX": -7.4531078338623,
        "positionY": -1.93832111358643,
        "positionZ": -21.8424377441406,
        "rotationX": 359.612579345703,
        "rotationY": 308.4716796875,
        "rotationZ": -1.33405171354184e-08,
        "velocityX": 0,
        "velocityY": 0,
        "velocityZ": 0,
        "angularVelocityX": 0,
        "angularVelocityY": 0,
        "angularVelocityZ": 0
    },
    "7e52af1d-c4d4-4146-9ded-f01f8b613646": {
        "model": "Bob",
        "name:": "Pedestrian0",
        "obj_color": "Vector(1, 1, 0)",
        "positionX": 29.8316612243652,
        "positionY": -2.14313006401062,
        "positionZ": -32.4953460693359,
        "rotationX": 0,
        "rotationY": 0,
        "rotationZ": 0,
        "velocityX": 0,
        "velocityY": 0,
        "velocityZ": 0,
        "angularVelocityX": 0,
        "angularVelocityY": 0,
        "angularVelocityZ": 0
    },
    "17f87999-fa5a-48c5-97cd-350b822228a7": {
        "model": "Bob",
        "name:": "Pedestrian0",
        "obj_color": "Vector(1, 1, 0)",
        "positionX": 14.7490739822388,
        "positionY": -2.88507032394409,
        "positionZ": -27.1658554077148,
        "rotationX": 0,
        "rotationY": 0,
        "rotationZ": 0,
        "velocityX": 0,
        "velocityY": 0,
        "velocityZ": 0,
        "angularVelocityX": 0,
        "angularVelocityY": 0,
        "angularVelocityZ": 0
    },
    "22ae2ffd-7041-49d8-9cdf-f626e90d965d": {
        "model": "Bob",
        "name:": "Pedestrian0",
        "obj_color": "Vector(1, 1, 0)",
        "positionX": -50.2381401062012,
        "positionY": -0.759043097496033,
        "positionZ": -5.63203001022339,
        "rotationX": 5.04009437561035,
        "rotationY": 308.285064697266,
        "rotationZ": 4.28543756925137e-07,
        "velocityX": 0,
        "velocityY": 0,
        "velocityZ": 0,
        "angularVelocityX": 0,
        "angularVelocityY": 0,
        "angularVelocityZ": 0
    },
    "ae5ad4bd-6b08-47f1-8a97-69ad7797e150": {
        "model": "Bob",
        "name:": "Pedestrian0",
        "obj_color": "Vector(1, 1, 0)",
        "positionX": -7.07690191268921,
        "positionY": 3.26473593711853,
        "positionZ": -20.775089263916,
        "rotationX": 0,
        "rotationY": 0,
        "rotationZ": 0,
        "velocityX": 0,
        "velocityY": 0,
        "velocityZ": 0,
        "angularVelocityX": 0,
        "angularVelocityY": 0,
        "angularVelocityZ": 0
    },
    "37a1f38a-cc2b-4d55-b127-cd38bdf495a6": {
        "model": "Bob",
        "name:": "Pedestrian0",
        "obj_color": "Vector(1, 1, 0)",
        "positionX": -7.07694435119629,
        "positionY": 3.26361656188965,
        "positionZ": -20.7755146026611,
        "rotationX": 0,
        "rotationY": 0,
        "rotationZ": 0,
        "velocityX": 0,
        "velocityY": 0,
        "velocityZ": 0,
        "angularVelocityX": 0,
        "angularVelocityY": 0,
        "angularVelocityZ": 0
    },
    "worldEffect": {
        "rain": 0,
        "fog": 0,
        "wetness": 0,
        "time": 12
    }
}