{
    "4f903aff-421d-4d3d-9c97-845f161c59b8": {
        "model": "47b529db-0593-4908-b3e7-4b24a32a0f70",
        "name:": "Ego0",
        "obj_color": "Vector(1, 1, 0)",
        "positionX": -47.6984977722168,
        "positionY": -1.202183842659,
        "positionZ": -9.9008846282959,
        "rotationX": 1.51106882095337,
        "rotationY": 104.998481750488,
        "rotationZ": 359.260284423828,
        "velocityX": 2.95450445264578e-05,
        "velocityY": 2.62300454778597e-06,
        "velocityZ": -4.16437396779656e-05,
        "angularVelocityX": 4.29005012847483e-07,
        "angularVelocityY": -5.39016764378175e-06,
        "angularVelocityZ": 3.45127773471177e-07
    },
    "a902502c-816f-4398-8b38-46f10e0079b0": {
        "model": "Bob",
        "name:": "Pedestrian0",
        "obj_color": "Vector(1, 1, 0)",
        "positionX": -31.1036396026611,
        "positionY": -1.7197402715683,
        "positionZ": -17.6804389953613,
        "rotationX": 358.322265625,
        "rotationY": 306.808044433594,
        "rotationZ": -1.06767465979374e-07,
        "velocityX": 0,
        "velocityY": 0,
        "velocityZ": 0,
        "angularVelocityX": 0,
        "angularVelocityY": 0,
        "angularVelocityZ": 0
    },
    "df0fc80e-ef78-42aa-aa3f-f7ab9d97e0db": {
        "model": "Bob",
        "name:": "Pedestrian0",
        "obj_color": "Vector(1, 1, 0)",
        "positionX": 0.581332623958588,
        "positionY": -2.52068686485291,
        "positionZ": -22.8360900878906,
        "rotationX": 0,
        "rotationY": 0,
        "rotationZ": 0,
        "velocityX": 0,
        "velocityY": 0,
        "velocityZ": 0,
        "angularVelocityX": 0,
        "angularVelocityY": 0,
        "angularVelocityZ": 0
    },
    "21e7c647-c5e3-47db-b5de-62e4cc3907f3": {
        "model": "Bob",
        "name:": "Pedestrian0",
        "obj_color": "Vector(1, 1, 0)",
        "positionX": -34.8170776367188,
        "positionY": -1.58387875556946,
        "positionZ": -14.9015531539917,
        "rotationX": 358.322296142578,
        "rotationY": 306.807830810547,
        "rotationZ": -1.06767458873946e-07,
        "velocityX": 0,
        "velocityY": 0,
        "velocityZ": 0,
        "angularVelocityX": 0,
        "angularVelocityY": 0,
        "angularVelocityZ": 0
    },
    "worldEffect": {
        "rain": 0,
        "fog": 0.200000002980232,
        "wetness": 0,
        "time": 12
    }
}