{
    "4f903aff-421d-4d3d-9c97-845f161c59b8": {
        "model": "47b529db-0593-4908-b3e7-4b24a32a0f70",
        "name:": "Ego0",
        "obj_color": "Vector(1, 1, 0)",
        "positionX": -47.6984977722168,
        "positionY": -1.202183842659,
        "positionZ": -9.9008846282959,
        "rotationX": 1.51106858253479,
        "rotationY": 104.998489379883,
        "rotationZ": 359.260284423828,
        "velocityX": 2.94670462608337e-05,
        "velocityY": 2.49689037445933e-07,
        "velocityZ": -4.15928661823273e-05,
        "angularVelocityX": 6.02260115556419e-07,
        "angularVelocityY": -5.39310713065788e-06,
        "angularVelocityZ": 4.98155714012682e-07
    },
    "a902502c-816f-4398-8b38-46f10e0079b0": {
        "model": "Bob",
        "name:": "Pedestrian0",
        "obj_color": "Vector(1, 1, 0)",
        "positionX": -40.8515281677246,
        "positionY": -1.36313009262085,
        "positionZ": -10.3859510421753,
        "rotationX": 358.322265625,
        "rotationY": 306.808044433594,
        "rotationZ": -1.06767465979374e-07,
        "velocityX": 0,
        "velocityY": 0,
        "velocityZ": 0,
        "angularVelocityX": 0,
        "angularVelocityY": 0,
        "angularVelocityZ": 0
    },
    "df0fc80e-ef78-42aa-aa3f-f7ab9d97e0db": {
        "model": "Bob",
        "name:": "Pedestrian0",
        "obj_color": "Vector(1, 1, 0)",
        "positionX": 0.581332623958588,
        "positionY": -2.52068686485291,
        "positionZ": -22.8360900878906,
        "rotationX": 0,
        "rotationY": 0,
        "rotationZ": 0,
        "velocityX": 0,
        "velocityY": 0,
        "velocityZ": 0,
        "angularVelocityX": 0,
        "angularVelocityY": 0,
        "angularVelocityZ": 0
    },
    "worldEffect": {
        "rain": 0,
        "fog": 0.200000002980232,
        "wetness": 0,
        "time": 12
    }
}