{
    "6b810daf-a105-4c7e-83d3-409e13818050": {
        "model": "47b529db-0593-4908-b3e7-4b24a32a0f70",
        "name:": "Ego0",
        "obj_color": "Vector(1, 1, 0)",
        "positionX": -47.6985206604004,
        "positionY": -1.20218861103058,
        "positionZ": -9.90126705169678,
        "rotationX": 1.51108729839325,
        "rotationY": 104.999374389648,
        "rotationZ": 359.260040283203,
        "velocityX": 2.94537749141455e-05,
        "velocityY": 3.38259269483387e-08,
        "velocityZ": -4.16089314967394e-05,
        "angularVelocityX": 4.24988684244454e-07,
        "angularVelocityY": -5.38823223905638e-06,
        "angularVelocityZ": 5.6963472161442e-07
    },
    "Sedan(Clone)041be79a-5373-46c7-8df3-2af17c218dac": {
        "model": "Sedan",
        "name:": "NPC0",
        "obj_color": "Vector(1, 1, 0)",
        "positionX": -19.7811717987061,
        "positionY": -1.90893149375916,
        "positionZ": -29.5844230651855,
        "rotationX": 0.206019937992096,
        "rotationY": 172.426803588867,
        "rotationZ": 359.479705810547,
        "velocityX": -1.43852233886719,
        "velocityY": 0.00489950180053711,
        "velocityZ": -5.41343688964844,
        "angularVelocityX": -0.00425647897645831,
        "angularVelocityY": -0.506160378456116,
        "angularVelocityZ": 0.0125805232673883
    },
    "357725bd-24a7-4005-a5fa-fe1cb09d3235": {
        "model": "Bob",
        "name:": "Pedestrian0",
        "obj_color": "Vector(1, 1, 0)",
        "positionX": -38.9308013916016,
        "positionY": -1.43339800834656,
        "positionZ": -11.8237819671631,
        "rotationX": 358.322204589844,
        "rotationY": 306.808715820313,
        "rotationZ": 0,
        "velocityX": 0,
        "velocityY": 0,
        "velocityZ": 0,
        "angularVelocityX": 0,
        "angularVelocityY": 0,
        "angularVelocityZ": 0
    },
    "4a20e7d4-0c72-4143-abaa-87579f8df221": {
        "model": "Bob",
        "name:": "Pedestrian0",
        "obj_color": "Vector(1, 1, 0)",
        "positionX": 0.581111311912537,
        "positionY": -2.52070689201355,
        "positionZ": -22.8372116088867,
        "rotationX": 0,
        "rotationY": 0,
        "rotationZ": 0,
        "velocityX": 0,
        "velocityY": 0,
        "velocityZ": 0,
        "angularVelocityX": 0,
        "angularVelocityY": 0,
        "angularVelocityZ": 0
    },
    "73d1986a-84e4-4c82-adc7-86e934c8ce4f": {
        "model": "Bob",
        "name:": "Pedestrian0",
        "obj_color": "Vector(1, 1, 0)",
        "positionX": 0.581112921237946,
        "positionY": -2.5207097530365,
        "positionZ": -22.8372039794922,
        "rotationX": 0,
        "rotationY": 0,
        "rotationZ": 0,
        "velocityX": 0,
        "velocityY": 0,
        "velocityZ": 0,
        "angularVelocityX": 0,
        "angularVelocityY": 0,
        "angularVelocityZ": 0
    },
    "9856ca7e-778b-4a63-83e7-2be4b75a52c9": {
        "model": "Bob",
        "name:": "Pedestrian0",
        "obj_color": "Vector(1, 1, 0)",
        "positionX": 0.581116437911987,
        "positionY": -2.52070784568787,
        "positionZ": -22.8371925354004,
        "rotationX": 0,
        "rotationY": 0,
        "rotationZ": 0,
        "velocityX": 0,
        "velocityY": 0,
        "velocityZ": 0,
        "angularVelocityX": 0,
        "angularVelocityY": 0,
        "angularVelocityZ": 0
    },
    "worldEffect": {
        "rain": 0,
        "fog": 0,
        "wetness": 0,
        "time": 12
    }
}