{
    "4f903aff-421d-4d3d-9c97-845f161c59b8": {
        "model": "47b529db-0593-4908-b3e7-4b24a32a0f70",
        "name:": "Ego0",
        "obj_color": "Vector(1, 1, 0)",
        "positionX": -47.6984977722168,
        "positionY": -1.20218396186829,
        "positionZ": -9.9008846282959,
        "rotationX": 1.51106607913971,
        "rotationY": 104.998443603516,
        "rotationZ": 359.260284423828,
        "velocityX": 2.95087229460478e-05,
        "velocityY": 2.81121174339205e-07,
        "velocityZ": -4.14712121710181e-05,
        "angularVelocityX": 1.35091249831021e-06,
        "angularVelocityY": -5.41398549103178e-06,
        "angularVelocityZ": 2.46989657171071e-07
    },
    "a902502c-816f-4398-8b38-46f10e0079b0": {
        "model": "Bob",
        "name:": "Pedestrian0",
        "obj_color": "Vector(1, 1, 0)",
        "positionX": -39.8511276245117,
        "positionY": -1.39972817897797,
        "positionZ": -11.1345672607422,
        "rotationX": 358.322265625,
        "rotationY": 306.808044433594,
        "rotationZ": -1.06767465979374e-07,
        "velocityX": 0,
        "velocityY": 0,
        "velocityZ": 0,
        "angularVelocityX": 0,
        "angularVelocityY": 0,
        "angularVelocityZ": 0
    },
    "df0fc80e-ef78-42aa-aa3f-f7ab9d97e0db": {
        "model": "Bob",
        "name:": "Pedestrian0",
        "obj_color": "Vector(1, 1, 0)",
        "positionX": 0.581332623958588,
        "positionY": -2.52068686485291,
        "positionZ": -22.8360900878906,
        "rotationX": 0,
        "rotationY": 0,
        "rotationZ": 0,
        "velocityX": 0,
        "velocityY": 0,
        "velocityZ": 0,
        "angularVelocityX": 0,
        "angularVelocityY": 0,
        "angularVelocityZ": 0
    },
    "21e7c647-c5e3-47db-b5de-62e4cc3907f3": {
        "model": "Bob",
        "name:": "Pedestrian0",
        "obj_color": "Vector(1, 1, 0)",
        "positionX": -43.6366577148438,
        "positionY": -1.26123869419098,
        "positionZ": -8.30178833007813,
        "rotationX": 358.322296142578,
        "rotationY": 306.807830810547,
        "rotationZ": -1.06767458873946e-07,
        "velocityX": 0,
        "velocityY": 0,
        "velocityZ": 0,
        "angularVelocityX": 0,
        "angularVelocityY": 0,
        "angularVelocityZ": 0
    },
    "9efab97f-dc8e-48cc-8b65-3a50908e42ef": {
        "model": "Bob",
        "name:": "Pedestrian0",
        "obj_color": "Vector(1, 1, 0)",
        "positionX": 0.581342995166779,
        "positionY": -2.52068734169006,
        "positionZ": -22.8360500335693,
        "rotationX": 0,
        "rotationY": 0,
        "rotationZ": 0,
        "velocityX": 0,
        "velocityY": 0,
        "velocityZ": 0,
        "angularVelocityX": 0,
        "angularVelocityY": 0,
        "angularVelocityZ": 0
    },
    "worldEffect": {
        "rain": 0,
        "fog": 0.200000002980232,
        "wetness": 0,
        "time": 12
    }
}