{
    "6b810daf-a105-4c7e-83d3-409e13818050": {
        "model": "47b529db-0593-4908-b3e7-4b24a32a0f70",
        "name:": "Ego0",
        "obj_color": "Vector(1, 1, 0)",
        "positionX": -47.6985206604004,
        "positionY": -1.20218873023987,
        "positionZ": -9.90126705169678,
        "rotationX": 1.51108765602112,
        "rotationY": 104.999374389648,
        "rotationZ": 359.260040283203,
        "velocityX": 2.94707715511322e-05,
        "velocityY": -4.12816007155925e-07,
        "velocityZ": -4.16615512222052e-05,
        "angularVelocityX": -7.04458216205239e-08,
        "angularVelocityY": -5.38050517207012e-06,
        "angularVelocityZ": 4.02607838623226e-07
    },
    "Sedan(Clone)041be79a-5373-46c7-8df3-2af17c218dac": {
        "model": "Sedan",
        "name:": "NPC0",
        "obj_color": "Vector(1, 1, 0)",
        "positionX": -19.7811717987061,
        "positionY": -1.90893149375916,
        "positionZ": -29.5844230651855,
        "rotationX": 0.206019937992096,
        "rotationY": 172.426803588867,
        "rotationZ": 359.479705810547,
        "velocityX": -1.43852233886719,
        "velocityY": 0.00489950180053711,
        "velocityZ": -5.41343688964844,
        "angularVelocityX": -0.00425647897645831,
        "angularVelocityY": -0.506160378456116,
        "angularVelocityZ": 0.0125805232673883
    },
    "357725bd-24a7-4005-a5fa-fe1cb09d3235": {
        "model": "Bob",
        "name:": "Pedestrian0",
        "obj_color": "Vector(1, 1, 0)",
        "positionX": -32.8484077453613,
        "positionY": -1.65592300891876,
        "positionZ": -16.3754386901855,
        "rotationX": 358.322204589844,
        "rotationY": 306.808715820313,
        "rotationZ": 0,
        "velocityX": 0,
        "velocityY": 0,
        "velocityZ": 0,
        "angularVelocityX": 0,
        "angularVelocityY": 0,
        "angularVelocityZ": 0
    },
    "4a20e7d4-0c72-4143-abaa-87579f8df221": {
        "model": "Bob",
        "name:": "Pedestrian0",
        "obj_color": "Vector(1, 1, 0)",
        "positionX": 0.581111311912537,
        "positionY": -2.52070689201355,
        "positionZ": -22.8372116088867,
        "rotationX": 0,
        "rotationY": 0,
        "rotationZ": 0,
        "velocityX": 0,
        "velocityY": 0,
        "velocityZ": 0,
        "angularVelocityX": 0,
        "angularVelocityY": 0,
        "angularVelocityZ": 0
    },
    "73d1986a-84e4-4c82-adc7-86e934c8ce4f": {
        "model": "Bob",
        "name:": "Pedestrian0",
        "obj_color": "Vector(1, 1, 0)",
        "positionX": 0.581112921237946,
        "positionY": -2.5207097530365,
        "positionZ": -22.8372039794922,
        "rotationX": 0,
        "rotationY": 0,
        "rotationZ": 0,
        "velocityX": 0,
        "velocityY": 0,
        "velocityZ": 0,
        "angularVelocityX": 0,
        "angularVelocityY": 0,
        "angularVelocityZ": 0
    },
    "worldEffect": {
        "rain": 1,
        "fog": 0,
        "wetness": 1,
        "time": 12
    }
}