{
    "bdafb2c1-0b6d-4628-9cc5-7071a83819f5": {
        "model": "47b529db-0593-4908-b3e7-4b24a32a0f70",
        "name:": "Ego0",
        "obj_color": "Vector(1, 1, 0)",
        "positionX": -18.8502368927002,
        "positionY": -1.85885167121887,
        "positionZ": -14.866418838501,
        "rotationX": 0.329319268465042,
        "rotationY": 98.0606155395508,
        "rotationZ": 359.857849121094,
        "velocityX": 6.43715810775757,
        "velocityY": -0.0454659089446068,
        "velocityZ": -0.906584560871124,
        "angularVelocityX": 0.0199385453015566,
        "angularVelocityY": -0.00400598766282201,
        "angularVelocityZ": -0.022230701521039
    },
    "Jeep(Clone)9515db74-e129-4366-8c41-8152dba62371": {
        "model": "Jeep",
        "name:": "NPC0",
        "obj_color": "Vector(1, 1, 0)",
        "positionX": -10.7637891769409,
        "positionY": -1.97942495346069,
        "positionZ": -17.0803184509277,
        "rotationX": 0.397348344326019,
        "rotationY": 86.9140167236328,
        "rotationZ": 0.105898290872574,
        "velocityX": 2.79607772827148,
        "velocityY": -0.0167608261108398,
        "velocityZ": 0.151252746582031,
        "angularVelocityX": -1.4980280866439e-05,
        "angularVelocityY": -0.660690307617188,
        "angularVelocityZ": -0.00570596568286419
    },
    "worldEffect": {
        "rain": 0,
        "fog": 0,
        "wetness": 0,
        "time": 12
    }
}