Episode,State,Action,Collision_Probability,Collision_uid,Collision_Probability_Per_Step,Done
0,"[-4.02074890e+01 -1.39913189e+00 -1.18265600e+01  0.00000000e+00
  0.00000000e+00  0.00000000e+00  1.20000000e+01 -1.00000000e+00
  1.48148870e+00  1.05009857e+02  3.59161102e+02  9.78752506e-04
  0.00000000e+00  0.00000000e+00  1.00000000e+05  1.00000000e+03
  1.00000000e+03  1.00000000e+05  4.47925036e+00  1.30653328e+00
  0.00000000e+00  0.00000000e+00  0.00000000e+00  0.00000000e+00
  0.00000000e+00  0.00000000e+00  0.00000000e+00  0.00000000e+00
  0.00000000e+00  0.00000000e+00  0.00000000e+00  0.00000000e+00
  0.00000000e+00  0.00000000e+00  0.00000000e+00  0.00000000e+00
  0.00000000e+00  0.00000000e+00  1.45000000e+01  1.00000000e+02
 -5.59978920e-01 -9.13119275e-02  1.00000000e+00]",20,0.0,No collision,"[0, 0, 0, 0, 0, 0, 0, 0, 0, 0, 0, 0]",False
