Episode,State,Action,Collision_Probability,Collision_Probability_Per_Step,Done
0,"[-4.03016968e+01 -1.39657497e+00 -1.18002310e+01  0.00000000e+00
  0.00000000e+00  0.00000000e+00  1.20000000e+01 -1.00000000e+00
  1.47784722e+00  1.05001984e+02  3.59153900e+02  5.05701532e-05]",13,0.0,"[0, 0, 0, 0, 0, 0, 0, 0, 0, 0, 0, 0]",False
0,"[-3.88876877e+01 -1.43383861e+00 -1.21822119e+01  0.00000000e+00
  0.00000000e+00  0.00000000e+00  1.40000000e+01 -1.00000000e+00
  1.42360842e+00  1.05035751e+02  3.59064697e+02  9.49397321e-04]",21,0.0,"[0, 0, 0, 0, 0, 0, 0, 0, 0, 0, 0, 0]",False
