Learning Step,Learning Rate,Loss
1,0.003,0.4434026777744293
2,0.003,1.077031135559082
3,0.003,1.0295259952545166
4,0.003,1.3726115226745605
