Learning Step,Learning Rate,Loss
7700,1.2940774400232361e-10,2.014345407485962
7701,1.0352619520185891e-10,1.6561715602874756
