Learning Step,Learning Rate,Loss
5325,2.192252455996361e-08,0.5728654265403748
5326,2.192252455996361e-08,0.5728674530982971
5327,2.192252455996361e-08,0.5728649497032166
5328,2.192252455996361e-08,0.5728617310523987
5329,2.192252455996361e-08,0.5728559494018555
5330,2.192252455996361e-08,0.5728611350059509
5331,2.192252455996361e-08,0.5728582739830017
5332,2.192252455996361e-08,0.5728583931922913
