Learning Step,Learning Rate,Loss
1,0.003,18.762676239013672
2,0.003,6.690027713775635
