Learning Step,Learning Rate,Loss
1308,0.0001649267441664001,1.1576266288757324
1309,0.0001649267441664001,0.6553303003311157
1310,0.0001649267441664001,1.2660895586013794
1311,0.0001649267441664001,1.2326081991195679
1312,0.0001649267441664001,1.1995548009872437
1313,0.0001649267441664001,1.1669955253601074
