Learning Step,Learning Rate,Loss
1599,0.00010555311626649609,6.148056507110596
1600,0.00010555311626649609,6.0010151863098145
1601,8.444249301319688e-05,6.520301342010498
