Learning Step,Learning Rate,Loss
7700,1.2940774400232361e-10,1.6702170372009277
