Learning Step,Learning Rate,Loss
7700,1.2940774400232361e-10,1.7533689737319946
7701,1.0352619520185891e-10,1.7353094816207886
7702,1.0352619520185891e-10,1.6152721643447876
