Episode,State,Action,Collision_Probability,Collision_uid,Collision_Probability_Per_Step,Done
0,"[-39.93470764  -1.40637052 -11.89974403   0.           0.
   0.          12.          -1.           1.40434182 105.03747559
 359.15634155   0.77371014   0.           0.           0.
   0.           0.        ]",46,0.505,No collision,"[0, 0.505242, 0, 0, 0, 0, 0, 0, 0, 0, 0]",False
0,"[-1.94547939e+01 -1.86759639e+00 -1.76373291e+01  0.00000000e+00
  0.00000000e+00  0.00000000e+00  1.20000000e+01 -1.00000000e+00
  4.48161095e-01  1.05977272e+02  3.59716675e+02  2.08876128e-03
  0.00000000e+00  0.00000000e+00  0.00000000e+00  0.00000000e+00
  0.00000000e+00]",83,0.0,No collision,"[0, 0, 0, 0, 0, 0, 0, 0, 0, 0, 0, 0]",False
0,"[-1.94542866e+01 -1.86770034e+00 -1.76374969e+01  0.00000000e+00
  0.00000000e+00  0.00000000e+00  1.20000000e+01 -1.00000000e+00
  3.02850336e-01  1.05977928e+02  3.59718445e+02  2.26041179e-05
  3.55562352e+01  9.36619629e+00  1.98839982e+01  3.05562415e+00
  0.00000000e+00]",8,0.0,No collision,"[0, 0, 0, 0, 0, 0, 0, 0, 0, 0, 0, 0]",False
0,"[-1.94542866e+01 -1.86770034e+00 -1.76374969e+01  0.00000000e+00
  0.00000000e+00  0.00000000e+00  1.20000000e+01  1.00000000e+00
  3.02851051e-01  1.05977928e+02  3.59718445e+02  2.20015608e-05
  5.33383655e+00  7.85970752e+00  9.53674462e-05  1.15240466e+01
  0.00000000e+00]",144,0.486,No collision,"[0, 0, 0, 0.134617, 0.067001, 0, 0, 0.239563, 0.270278, 0.392157, 0.426444, 0.485885]",False
0,"[ 9.78765965e+00 -2.29910827e+00 -2.59596081e+01  2.00000003e-01
  0.00000000e+00  2.00000003e-01  1.20000000e+01  1.00000000e+00
  1.36483669e+00  1.05623924e+02  3.59809052e+02  1.17867791e+01
  1.00000000e+02  1.00000000e+01  1.00000000e+02  2.00000000e+01
  1.00000000e+01]",71,0.485,No collision,"[0.480326, 0.485041, 0.440773, 0.386621, 0.294809, 0.219911, 0.120003, 0.274653, 0.138128, 0.153169, 0, 0]",False
0,"[ 59.18559647  -3.14746666 -34.44243622   0.2          0.
   0.2         12.           1.           0.9015063  108.74131775
   0.38552684   5.33932261 101.93196046  16.08415795 102.87827577
  23.32815878  10.        ]",67,0.387,No collision,"[0, 0.005204, 0.123873, 0.240231, 0.329515, 0.363688, 0.386622, 0.362451, 0.320709, 0.273813, 0.195279, 0.134139]",False
