Episode,State,Action,Collision_Probability,Collision_Probability_Per_Step,Done
0,"[-4.03016968e+01 -1.39657497e+00 -1.18002310e+01  0.00000000e+00
  0.00000000e+00  0.00000000e+00  1.20000000e+01 -1.00000000e+00
  1.47784746e+00  1.05001984e+02  3.59153900e+02  5.05633094e-05
  2.28197368e+01  8.50000000e-01  5.00000000e-01]",48,0.0,"[0, 0, 0, 0, 0, 0, 0, 0, 0, 0, 0, 0]",False
